author,company,github,linkedin,twitter,website
Jason Andrews,Arm,jasonrandrews,jason-andrews-7b05a8,,
Pareena Verma,Arm,pareenaverma,pareena-verma-7853607,,
Ronan Synnott,Arm,,ronansynnott,,
Florent Lebeau,Arm,,,,
Brenda Strech,Remote.It,bstrech,bstrech,@remote_it,www.remote.it
Liliya Wu,Arm,Liliyaw,liliya-wu-8b6227216,,
Julio Suarez,Arm,jsrz,juliosuarez,,
Gabriel Peterson,Arm,gabrieldpeterson,gabrieldpeterson,@gabedpeterson,https://corteximplant.com/@gabe
Christopher Seidl,Arm,,,,
Michael Hall,Arm,,,,
Kasper Mecklenburg,Arm,,,,
Mathias Brossard,Arm,,,,
Julie Gaskin,Arm,,,,
Pranay Bakre,Arm,,,,
Elham Harirpoush,Arm,,,,
Frédéric -lefred- Descamps,OCI,,,,lefred.be
Kristof Beyls,Arm,,,,
David Spickett,Arm,,,,
Uma Ramalingam,Arm,uma-ramalingam,,,
Konstantinos Margaritis,VectorCamp,markos,konstantinosmargaritis,@freevec1,https://vectorcamp.gr/
Diego Russo,Arm,diegorusso,diegor,diegor,https://www.diegor.it
Jonathan Davies,Arm,,,,
Zhengjun Xing,Arm,,,,
Diego Russo and Leandro Nunes,Arm,,,,
Dawid Borycki,,dawidborycki,,,
Ying Yu,Arm,,,,
Bolt Liu,Arm,,,,
Roberto Lopez Mendez,Arm,,,,
Arnaud de Grandmaison,Arm,Arnaud-de-Grandmaison-ARM,arnauddegrandmaison,,
Jose-Emilio Munoz-Lopez,Arm,,,,
James Whitaker,Arm,,,,
Johanna Skinnider,Arm,,,,
Varun Chari,Arm,,,,
Adnan AlSinan,Arm,,,,
Graham Woodward,Arm,,,,
Basma El Gaabouri,Arm,,,,
Gayathri Narayana Yegna Narayanan,Arm,,,,
Alexandros Lamprineas,Arm,,,,
Annie Tallund,Arm,annietllnd,annietallund,,
Cyril Rohr,RunsOn,crohr,cyrilrohr,,
Rin Dobrescu,Arm,,,,
Przemyslaw Wirkus,Arm,PrzemekWirkus,przemyslaw-wirkus-78b73352,,
Nader Zouaoui,Day Devs,nader-zouaoui,nader-zouaoui,@zouaoui_nader,https://daydevs.com/
Alaaeddine Chakroun,Day Devs,Alaaeddine-Chakroun,alaaeddine-chakroun,,https://daydevs.com/
Koki Mitsunami,Arm,,kmitsunami,,
Chen Zhang,Zilliz,,,,
Tianyu Li,Arm,,,,
Georgios Mermigkis,VectorCamp,gMerm,georgios-mermigkis,,https://vectorcamp.gr/ 
Ben Clark,Arm,,,,
Han Yin,Arm,hanyin-arm,nacosiren,,
Willen Yang,Arm,,,,
